date,start,finish,sunset,temperature,windy,clouds,rainy,snow,fog,spotlight,moon,observers,conditions,notes,total_deer,Raccoon,Bear,Coyote,Opossum,Skunk,Wild_Hog,Red_Wolf,Gray_Fox,Rabbit,Bobcat,Area,deer_dens
10/16/2001,1/0/1900,1/0/1900,1/0/1900,46,TRUE,3,FALSE,FALSE,FALSE,1000000,4,"hester, herrington, james",,,4,0,0,0,0,0,0,0,0,0,0,470,117.5
2/12/1997,1/0/1900,1/0/1900,1/0/1900,34,FALSE,3,FALSE,FALSE,FALSE,1000000,1,ch lh pk br gd,,wolf observed in field across from Kermit's place and second wolf heard inside woodline,5,0,0,0,1,0,0,1,0,0,0,470,94
1/15/2003,1/0/1900,1/0/1900,1/0/1900,28,FALSE,1,FALSE,FALSE,FALSE,1000000,2,CHHMAA,,,6,0,0,0,0,0,0,0,0,0,0,470,78.33333333
2/1/2000,1/0/1900,1/0/1900,1/0/1900,30,FALSE,2,FALSE,FALSE,FALSE,1000000,3,"blake, sean, jay, josh",calm,all areas surveyed,7,7,0,1,0,0,1,0,0,0,0,470,67.14285714
1/5/1995,1/0/1900,,,25,FALSE,1,FALSE,FALSE,FALSE,1000000,1,cg sg bs,,,8,3,0,0,0,0,0,0,0,0,0,470,58.75
9/27/2001,1/0/1900,1/0/1900,1/0/1900,50,FALSE,1,FALSE,FALSE,FALSE,1000000,1,"varner, hester, herrington",,,8,0,0,2,0,0,0,0,0,0,0,470,58.75
3/6/1997,1/0/1900,1/0/1900,1/0/1900,35,FALSE,1,FALSE,FALSE,FALSE,1000000,4,p b g r,,,9,0,0,0,0,0,0,0,0,0,0,470,52.22222222
1/30/1995,1/0/1900,1/0/1900,1/0/1900,25,FALSE,3,FALSE,TRUE,FALSE,1000000,4,cg sg rv,,surveyed everything but forage creek rd,11,0,0,0,0,0,0,0,0,0,0,470,42.72727273
2/6/1997,1/0/1900,1/0/1900,1/0/1900,46,FALSE,3,FALSE,FALSE,FALSE,1000000,4,ch pk ke gd jd,,,13,1,0,0,1,0,0,0,0,0,0,470,36.15384615
12/20/2001,1/0/1900,1/0/1900,1/0/1900,30,FALSE,1,FALSE,FALSE,FALSE,1000000,1,BSCHEW,,Nearly all bucks-big bucks.,13,0,0,3,0,0,0,0,0,1,0,470,36.15384615
10/8/2002,1/0/1900,1/0/1900,1/0/1900,60,FALSE,3,FALSE,FALSE,FALSE,1000000,4,,,1 Barred Owl,14,0,0,2,0,0,1,0,0,0,0,470,33.57142857
2/4/2002,1/0/1900,1/0/1900,1/0/1900,28,FALSE,0,FALSE,FALSE,FALSE,1000000,3,"Hester, James, Davis, Neal",,All areas surveyed.,15,0,0,0,0,0,0,0,0,0,0,470,31.33333333
12/28/2000,1/0/1900,1/0/1900,1/0/1900,27,FALSE,0,FALSE,FALSE,FALSE,1000000,3,"hester, buchanan, mccann",,,16,0,0,0,0,0,0,0,0,0,0,470,29.375
1/29/2001,1/0/1900,1/0/1900,1/0/1900,40,TRUE,3,FALSE,FALSE,FALSE,1000000,1,Brian Rav/Eric worthington/BlakeMcCann,,,16,1,0,0,1,0,0,0,0,0,0,470,29.375
10/10/2000,1/0/1900,1/0/1900,1/0/1900,47,FALSE,1,FALSE,FALSE,FALSE,1000000,2,"hester, payne, compton, hampton",,,18,0,0,0,0,0,1,0,1,0,0,470,26.11111111
1/15/2002,1/0/1900,1/0/1900,1/0/1900,36,FALSE,1,FALSE,FALSE,FALSE,1000000,4,H.P./B.R.,,"All areas surveyed.
Owl also seen in area 2.",19,0,0,0,0,0,1,0,0,0,0,470,24.73684211
9/10/2003,1/0/1900,1/0/1900,1/0/1900,60,FALSE,1,FALSE,FALSE,FALSE,1000000,2,BS + 5,,,19,0,0,2,0,0,0,0,0,1,0,470,24.73684211
11/13/2001,1/0/1900,1/0/1900,1/0/1900,40,FALSE,1,FALSE,FALSE,FALSE,1000000,4,"stiver, raxter, payne",,,20,0,0,3,0,0,0,0,0,0,0,470,23.5
9/13/2001,1/0/1900,,1/0/1900,70,FALSE,1,FALSE,FALSE,TRUE,1000000,3,"varner, hester, payne",,very foggy along creeks,21,0,0,0,0,0,0,0,0,0,0,470,22.38095238
12/3/2002,1/0/1900,,1/0/1900,44,FALSE,3,FALSE,FALSE,FALSE,1000000,4,"Hester, James, Miller",,,21,0,0,2,0,0,0,0,0,0,0,470,22.38095238
10/29/2003,1/0/1900,1/0/1900,1/0/1900,40,FALSE,3,FALSE,FALSE,FALSE,1000000,1,BS + 4,,,22,0,0,6,0,0,1,0,0,0,0,470,21.36363636
11/13/2003,1/0/1900,1/0/1900,1/0/1900,30,TRUE,1,FALSE,FALSE,FALSE,1000000,3,BS+3,,,22,4,1,2,0,0,0,0,0,0,0,470,21.36363636
11/14/2002,1/0/1900,1/0/1900,1/0/1900,38,FALSE,1,FALSE,FALSE,FALSE,1000000,1,"Varner, Duncan, Stacey",,,23,0,1,5,0,0,0,0,0,0,0,470,20.43478261
5/13/2003,1/0/1900,1/0/1900,1/0/1900,60,FALSE,1,FALSE,FALSE,FALSE,1000000,2,BSADJL,,,23,0,0,3,0,0,5,0,0,0,0,470,20.43478261
11/27/1996,1/0/1900,1/0/1900,1/0/1900,35,FALSE,1,FALSE,FALSE,FALSE,1000000,2,bs americore,,grass high in several fields,24,0,0,0,0,0,0,0,0,0,0,470,19.58333333
2/12/2003,1/0/1900,1/0/1900,1/0/1900,30,FALSE,1,FALSE,FALSE,FALSE,1000000,1,BSCHRG,,,24,0,0,1,0,0,0,0,1,0,0,470,19.58333333
11/15/2000,1/0/1900,1/0/1900,1/0/1900,45,FALSE,2,FALSE,FALSE,FALSE,1000000,2,"compton, boostrum, raxter, jorgenson",cold,,26,2,0,0,0,0,1,0,0,3,0,470,18.07692308
9/16/2002,1/0/1900,1/0/1900,1/0/1900,70,FALSE,2,FALSE,FALSE,FALSE,1000000,1,"CH, EJ, TN",,,26,0,0,0,0,0,0,0,0,0,0,470,18.07692308
8/21/2001,1/0/1900,1/0/1900,1/0/1900,70,FALSE,1,FALSE,FALSE,TRUE,1000000,4,Blount Exp Smokies,,,27,0,0,1,0,0,0,0,0,0,0,470,17.40740741
2/18/1994,1/0/1900,1/0/1900,,50,TRUE,1,FALSE,FALSE,FALSE,1000000,1,bs d c,extremely windy,deer observed in fields were very nervous- deer were either running or began to run when spot lighted,28,0,0,0,0,0,0,3,0,0,0,470,16.78571429
7/11/2003,1/0/1900,1/0/1900,1/0/1900,71.5,TRUE,2,FALSE,FALSE,TRUE,1000000,2,HM + 3,,Heavy fog after section 3,29,0,0,1,0,0,0,0,1,0,0,470,16.20689655
12/22/1999,1/0/1900,1/0/1900,,30,FALSE,1,FALSE,FALSE,TRUE,1000000,2,bsrsjg,heavy fog in 4c&5a,little wildlife activity,27,1,0,0,0,0,0,0,0,1,0,416.4140015,15.42274079
9/14/1994,1/0/1900,1/0/1900,1/0/1900,65,FALSE,1,FALSE,FALSE,TRUE,1000000,0,bs fv rv bl,,most deer laying down- lots of tall grass- fog near Abrams creek,31,0,0,0,0,2,0,0,0,0,0,470,15.16129032
11/30/1995,1/0/1900,1/0/1900,1/0/1900,45,FALSE,1,FALSE,FALSE,FALSE,1000000,1,bs ae ge,,,32,0,0,1,0,0,0,0,0,1,0,470,14.6875
7/25/2002,1/0/1900,1/0/1900,1/0/1900,75,FALSE,0,FALSE,FALSE,TRUE,1000000,0,"Hester, Hartman",Calm and very foggy.,Observed a red fox in Area 1.,32,0,0,0,0,0,0,0,0,0,0,470,14.6875
1/29/1997,1/0/1900,1/0/1900,1/0/1900,45,FALSE,3,FALSE,FALSE,FALSE,1000000,3,hp dm pk bs lp,,surveyed all fields- most deer laying down- bucks still have antlers,33,1,0,0,0,0,0,0,0,0,0,470,14.24242424
3/18/1999,1/0/1900,1/0/1900,1/0/1900,50,FALSE,1,FALSE,FALSE,FALSE,1000000,1,ch bm miami univ,,,34,0,0,3,0,0,0,0,5,0,0,470,13.82352941
4/25/2002,1/0/1900,,1/0/1900,68,FALSE,1,FALSE,FALSE,FALSE,1000000,2,Hester/ Payne/ McCulley/ Ramsey,,,34,0,0,0,0,0,0,0,0,1,0,470,13.82352941
6/25/2003,1/0/1900,1/0/1900,1/0/1900,65,FALSE,0,FALSE,FALSE,FALSE,1000000,0,DGANRABYHM,,,35,0,0,0,0,0,0,0,1,0,0,470,13.42857143
12/4/2001,1/0/1900,1/0/1900,1/0/1900,45,FALSE,3,FALSE,FALSE,FALSE,1000000,3,RVHPDN,,,38,0,0,4,0,0,0,0,0,0,0,470,12.36842105
11/1/2001,1/0/1900,1/0/1900,1/0/1900,60,FALSE,1,FALSE,FALSE,FALSE,1000000,2,"hester, herrington, varner",,,39,0,0,3,0,0,0,0,1,0,0,470,12.05128205
10/9/1996,1/0/1900,1/0/1900,1/0/1900,55,FALSE,1,FALSE,FALSE,FALSE,1000000,4,bs hp jp cs,,tall grass in most fields,40,0,0,0,0,0,0,2,0,0,0,470,11.75
11/26/1998,1/0/1900,1/0/1900,1/0/1900,47,FALSE,1,FALSE,FALSE,FALSE,1000000,1,seymour,,,40,0,0,1,0,0,0,0,0,0,0,470,11.75
11/17/1999,1/0/1900,,1/0/1900,37,FALSE,2,FALSE,FALSE,FALSE,1000000,1,chkdtat,,deer were very innactive,40,2,6,2,0,0,0,0,0,0,0,470,11.75
9/27/2000,1/0/1900,1/0/1900,1/0/1900,60,FALSE,1,FALSE,FALSE,FALSE,1000000,4,"hester, hampton",,,40,0,0,0,1,0,0,0,0,0,0,470,11.75
3/28/2002,1/0/1900,1/0/1900,,50,FALSE,1,FALSE,FALSE,FALSE,1000000,2,B.S./J.D./B.R./D.O./C.O.,,All areas surveyed; some fields burned earlier in the day.,41,1,0,5,0,0,0,0,0,0,0,470,11.46341463
10/21/1998,1/0/1900,1/0/1900,1/0/1900,55,FALSE,1,FALSE,FALSE,FALSE,1000000,4,bs dm jh fm sm,,mostly bucks,42,0,0,0,0,0,0,0,1,0,0,470,11.19047619
11/29/1993,1/0/1900,1/0/1900,1/0/1900,32,FALSE,1,FALSE,FALSE,FALSE,1000000,2,bs kd ey,,Area 5 not counted due to foggy conditions,36,0,0,0,0,0,0,0,0,0,0,402,11.16666667
1/7/1999,1/0/1900,1/0/1900,1/0/1900,40,FALSE,2,FALSE,FALSE,FALSE,1000000,3,bm rv john,,,43,0,0,0,0,0,0,0,1,0,0,470,10.93023256
3/1/1999,1/0/1900,1/0/1900,1/0/1900,45,FALSE,1,FALSE,FALSE,FALSE,1000000,2,ch hall nichols,,,43,0,0,1,0,0,0,0,4,0,0,470,10.93023256
4/18/2001,1/0/1900,1/0/1900,1/0/1900,50,FALSE,1,FALSE,FALSE,FALSE,1000000,3,ew br bm,,,44,0,0,1,0,0,0,0,0,0,0,470,10.68181818
10/21/1996,1/0/1900,1/0/1900,1/0/1900,55,FALSE,1,FALSE,FALSE,FALSE,1000000,1,bs js wd jh,,tall grass in some fields,45,0,0,0,0,0,0,1,0,0,0,470,10.44444444
8/12/1998,1/0/1900,1/0/1900,1/0/1900,73,FALSE,1,FALSE,FALSE,TRUE,1000000,3,jc tp bw ee,,fog in part of section 3 & 4,45,0,0,0,0,0,0,0,0,0,0,470,10.44444444
2/21/2002,1/0/1900,1/0/1900,1/0/1900,50,FALSE,1,FALSE,FALSE,FALSE,1000000,1,R.V./ J.B.D./E.J.,,All areas surveyed.,45,0,0,2,0,0,0,0,0,0,0,470,10.44444444
8/18/2003,1/0/1900,1/0/1900,1/0/1900,60,TRUE,2,FALSE,FALSE,TRUE,1000000,3,HMNCANMG,,Fog in areas 3 & 4,45,0,0,1,0,0,0,0,0,0,0,470,10.44444444
8/7/2003,1/0/1900,1/0/1900,1/0/1900,60,FALSE,3,FALSE,FALSE,TRUE,1000000,1,HMBRTRJM,,,46,0,0,0,0,0,0,0,0,0,0,470,10.2173913
10/18/1995,1/0/1900,,1/0/1900,55,FALSE,1,FALSE,FALSE,FALSE,1000000,3,seymour,,5 not surveyed due to fog,39,3,0,0,0,0,0,0,1,0,0,398,10.20512821
4/7/1997,1/0/1900,1/0/1900,1/0/1900,45,FALSE,1,FALSE,FALSE,FALSE,1000000,4,bs pk gd kc,,,48,0,0,0,3,0,0,0,0,0,0,470,9.791666667
9/10/1998,1/0/1900,1/0/1900,1/0/1900,62,FALSE,1,FALSE,FALSE,FALSE,1000000,3,kd ch,,,48,0,0,0,0,0,0,0,0,0,0,470,9.791666667
1/26/1999,1/0/1900,1/0/1900,1/0/1900,45,FALSE,1,FALSE,FALSE,FALSE,1000000,1,bs rf rn rw nb,,,48,0,2,0,0,0,0,0,0,0,0,470,9.791666667
6/19/1997,1/0/1900,1/0/1900,1/0/1900,75,FALSE,1,FALSE,FALSE,FALSE,1000000,2,ch rf,,,49,0,0,0,1,0,0,1,1,0,0,470,9.591836735
4/11/2002,1/0/1900,1/0/1900,1/0/1900,60,TRUE,3,FALSE,FALSE,FALSE,1000000,4,B.S./J.B./B.R.,,,52,0,0,3,0,0,0,0,0,1,1,470,9.038461538
12/30/2002,1/0/1900,,1/0/1900,50,TRUE,2,FALSE,FALSE,FALSE,1000000,3,"AH, JC, CR, HM",,One turkey exhibiting strange behavior,52,0,0,2,0,0,0,0,0,0,0,470,9.038461538
5/15/1998,1/0/1900,,1/0/1900,77,FALSE,2,FALSE,FALSE,FALSE,1000000,2,tp am,,grass is tall,54,0,0,0,0,0,0,1,0,0,0,470,8.703703704
9/15/1998,1/0/1900,1/0/1900,1/0/1900,71,FALSE,2,FALSE,FALSE,FALSE,1000000,3,kd em ts es,,,54,0,0,0,1,0,0,0,1,0,0,470,8.703703704
10/2/1998,1/0/1900,1/0/1900,1/0/1900,65,FALSE,1,FALSE,FALSE,FALSE,1000000,2,bs jr lm mj,,,54,0,0,0,0,0,3,0,1,0,0,470,8.703703704
3/29/1999,1/0/1900,1/0/1900,1/0/1900,55,FALSE,2,FALSE,FALSE,FALSE,1000000,2,ch eb s,,,54,0,0,0,0,0,2,0,0,0,0,470,8.703703704
9/30/1993,1/0/1900,1/0/1900,1/0/1900,42,FALSE,1,FALSE,FALSE,FALSE,1000000,2,rv kd,,very drastic changes in temperature,55,1,0,0,0,0,0,0,0,0,0,470,8.545454545
9/16/1999,1/0/1900,,1/0/1900,65,FALSE,1,FALSE,FALSE,FALSE,1000000,1,chpsjg,,,55,0,0,0,0,0,0,0,0,0,0,470,8.545454545
3/2/2000,1/0/1900,1/0/1900,1/0/1900,40,FALSE,1,FALSE,FALSE,FALSE,1000000,3,"bs,jm,jg,sl,",,all areas surveyed,55,0,0,0,0,0,0,0,1,1,0,470,8.545454545
5/15/2002,1/0/1900,1/0/1900,1/0/1900,60,FALSE,1,FALSE,FALSE,FALSE,1000000,4,B.S./J.Y./C.O./K.G.,,,55,1,0,0,0,0,0,0,0,0,0,470,8.545454545
3/25/1999,1/0/1900,1/0/1900,1/0/1900,50,FALSE,2,FALSE,FALSE,FALSE,1000000,1,bm rln jp hp,,,57,1,0,0,0,0,0,0,0,1,0,470,8.245614035
2/10/1999,1/0/1900,1/0/1900,1/0/1900,53,FALSE,1,FALSE,FALSE,FALSE,1000000,3,ch bm,,,58,0,0,0,0,0,0,0,2,0,0,470,8.103448276
2/3/2003,1/0/1900,,1/0/1900,48,TRUE,2,FALSE,FALSE,FALSE,1000000,4,CHCHJCHM,,,58,0,0,0,0,0,0,0,0,0,0,470,8.103448276
3/23/1995,1/0/1900  7:45:00 PM,1/0/1900,1/0/1900,65,FALSE,1,FALSE,FALSE,FALSE,1000000,0,seymour high,,forge creek section not monitored,59,2,0,0,0,0,0,0,1,0,0,470,7.966101695
9/30/1999,1/0/1900,1/0/1900,1/0/1900,60,FALSE,1,FALSE,FALSE,FALSE,1000000,3,jgjpksmcbs,,deer were in large groups,59,0,0,2,1,0,0,0,1,0,0,470,7.966101695
7/21/2000,1/0/1900,1/0/1900,1/0/1900,77.5,FALSE,2,FALSE,FALSE,FALSE,1000000,0,"ch, Payne 2, Nolte",calm,copperhead = 1 sighted,59,0,0,0,0,0,0,0,0,0,0,470,7.966101695
9/27/2003,1/0/1900,1/0/1900,1/0/1900,62,FALSE,0,TRUE,FALSE,FALSE,1000000,4,CH + UTM (16),,light rain,59,0,3,1,0,0,0,0,1,0,0,470,7.966101695
11/30/2000,1/0/1900,1/0/1900,1/0/1900,34,FALSE,1,FALSE,FALSE,FALSE,1000000,3,"hester, raxter, rau, hampton",,,60,0,0,0,0,0,0,0,1,0,0,470,7.833333333
7/22/1999,1/0/1900,1/0/1900,1/0/1900,68,FALSE,3,FALSE,FALSE,TRUE,1000000,3,jd bf jb sd cj reporters,"foggy, visibility was limited for about 40 m in section 4",tall grass in many fields,51,0,0,0,0,0,0,0,0,0,0,387.9179993,7.60623528
11/6/1998,1/0/1900,1/0/1900,1/0/1900,37,FALSE,0,TRUE,FALSE,FALSE,1000000,3,ch es,light mist- did not affect spotlight distance,,62,0,0,0,0,0,0,0,0,0,0,470,7.580645161
9/7/1998,1/0/1900,1/0/1900,1/0/1900,75,FALSE,2,TRUE,FALSE,FALSE,1000000,2,bs sm,,tall grass in a lot of fields,65,0,2,0,0,0,0,0,0,0,0,470,7.230769231
11/17/1998,1/0/1900,1/0/1900,1/0/1900,55,FALSE,1,FALSE,FALSE,FALSE,1000000,4,bs jh ch hs ds nk mk,,,65,0,0,0,1,0,0,0,0,0,0,470,7.230769231
11/12/1999,1/0/1900,1/0/1900,1/0/1900,60,FALSE,1,FALSE,FALSE,FALSE,1000000,1,jgmcbs,,,65,4,2,1,0,0,0,0,0,0,0,470,7.230769231
6/10/1997,1/0/1900,1/0/1900,1/0/1900,65,FALSE,3,TRUE,FALSE,TRUE,1000000,1,rob eric rv,,grass is very high in about 40% of the area,66,0,0,0,0,0,0,1,0,0,0,470,7.121212121
5/27/1999,1/0/1900,1/0/1900,1/0/1900,63,FALSE,1,FALSE,FALSE,FALSE,1000000,2,bs vh jd bf,,tall grass in most fields,66,0,3,0,0,0,0,0,0,0,0,470,7.121212121
3/17/2000,1/0/1900,,1/0/1900,46,FALSE,1,FALSE,FALSE,FALSE,1000000,2,"Blake, Sean, Josh, Jason",calm,,66,0,0,0,0,0,0,0,0,0,0,470,7.121212121
3/11/1996,1/0/1900,1/0/1900,1/0/1900,25,FALSE,1,FALSE,FALSE,FALSE,0,1,bs pd jr ss js,,started a little late due to spotlight trouble,67,3,0,0,0,0,0,0,0,0,1,470,7.014925373
8/18/1998,1/0/1900,1/0/1900,1/0/1900,75,FALSE,1,FALSE,FALSE,FALSE,1000000,4,bs tp ch aw,,,67,0,0,0,0,0,0,0,2,0,0,470,7.014925373
6/20/1994,1/0/1900,1/0/1900,1/0/1900,70,FALSE,3,FALSE,FALSE,FALSE,1000000,3,jay rick tim can,,tall grass in section 2,69,0,0,0,0,0,0,0,0,0,0,470,6.811594203
3/27/1997,1/0/1900,1/0/1900,1/0/1900,55,FALSE,1,FALSE,FALSE,FALSE,1000000,2,bs gd jp pk,good night to view the comet,,69,0,0,0,0,0,0,0,0,0,0,470,6.811594203
9/11/1997,1/0/1900,1/0/1900,1/0/1900,65,FALSE,2,FALSE,FALSE,FALSE,1000000,1,bs dr mw,,many of the deer were laying down- patchy light fog around Abrams falls P.A.,70,0,1,0,0,0,1,0,0,0,0,470,6.714285714
3/15/1994,1/0/1900,1/0/1900,1/0/1900,50,FALSE,2,FALSE,FALSE,FALSE,1000000,0,kd seymour,,observed 2 wolves (adults) at lower end of cove (see map),71,2,0,0,0,1,0,2,1,1,0,470,6.61971831
4/24/1997,1/0/1900,1/0/1900,1/0/1900,45,FALSE,2,FALSE,FALSE,FALSE,1000000,2,rv bm hp,,Blake shot one 40 lb pig,71,0,1,0,0,0,2,0,0,1,0,470,6.61971831
6/10/2002,1/0/1900,1/0/1900,1/0/1900,80,FALSE,1,FALSE,FALSE,TRUE,1000000,4,"Deck, Okraska, Jones, Smith, Lupardus",,All areas surveyed,72,0,0,1,0,0,0,0,0,0,0,470,6.527777778
9/2/1999,1/0/1900,1/0/1900,1/0/1900,70,FALSE,3,FALSE,FALSE,FALSE,1000000,3,I&M Group,tall grass,barn owl seen,73,0,0,1,0,0,0,0,0,0,0,470,6.438356164
3/14/2002,1/0/1900,1/0/1900,1/0/1900,60,TRUE,2,FALSE,FALSE,FALSE,1000000,4,B.S./A.H./J.D.,,Very windy. Also seen a woodcock in area 1.,73,0,0,0,0,0,0,0,0,0,0,470,6.438356164
5/12/1998,1/0/1900,,1/0/1900,69,FALSE,2,FALSE,FALSE,FALSE,0,2,tp sg am,,grass is tall,74,0,0,2,0,0,0,1,0,0,0,470,6.351351351
8/5/1999,1/0/1900,1/0/1900,1/0/1900,68,FALSE,1,FALSE,FALSE,TRUE,1000000,3,jd vh ab hs cb js,1 patch of fog near Hyatt Lane- probably insignificant,barn owl seen before wildlife overlook- owl frequency 76,75,0,1,0,0,0,0,0,0,0,0,470,6.266666667
2/15/2000,1/0/1900,1/0/1900,1/0/1900,40,FALSE,1,FALSE,FALSE,FALSE,1000000,1,"jg, jm, bs",calm,all areas surveyed,75,0,0,0,0,0,0,0,0,0,0,470,6.266666667
9/1/1996,1/0/1900,1/0/1900,1/0/1900,70,FALSE,3,FALSE,FALSE,FALSE,1000000,2,kd seymour,,tall grass restricts observations in some areas,76,0,1,0,0,0,0,0,1,0,0,470,6.184210526
7/10/1998,1/0/1900,1/0/1900,1/0/1900,75,FALSE,2,FALSE,FALSE,FALSE,0,2,sb tp rs bs,,group of bucks on Hyatt lane,76,0,0,1,0,0,0,1,0,0,0,470,6.184210526
6/23/1999,1/0/1900,1/0/1900,1/0/1900,68,FALSE,3,FALSE,FALSE,FALSE,1000000,1,jd vh bf mk sd ap,hazey,grass is tall making it difficult to see,76,0,0,0,0,0,0,0,0,0,0,470,6.184210526
7/9/1999,1/0/1900,1/0/1900,1/0/1900,85,FALSE,3,FALSE,FALSE,FALSE,1000000,3,bs bm lh lh vh mw,,tall grass in some fields and one barn owl seen,76,0,0,1,0,0,0,0,2,0,0,470,6.184210526
6/22/2000,1/0/1900,1/0/1900,1/0/1900,70,FALSE,1,FALSE,FALSE,FALSE,1000000,2,"ch, rk, jq",thick fog in areas,grass was very tall,76,0,0,0,0,0,0,0,0,0,0,470,6.184210526
3/22/2001,1/0/1900,,1/0/1900,55,FALSE,2,FALSE,FALSE,FALSE,1000000,4,br rv bm,,,76,0,0,0,0,0,0,0,1,1,0,470,6.184210526
7/25/2003,1/0/1900,1/0/1900,1/0/1900,65,FALSE,3,FALSE,FALSE,FALSE,1000000,4,HMRADG,,,76,0,0,0,0,0,0,0,1,0,0,470,6.184210526
7/3/1996,1/0/1900,1/0/1900,1/0/1900,76,FALSE,2,FALSE,FALSE,FALSE,1000000,2,jl ts,,,77,1,0,0,0,0,0,0,0,0,0,470,6.103896104
5/16/2001,1/0/1900,1/0/1900,1/0/1900,74,FALSE,0,FALSE,FALSE,FALSE,1000000,3,"CH,JY,RD",,,77,0,0,0,0,0,0,0,0,0,0,470,6.103896104
6/10/2001,1/0/1900,,,70,FALSE,1,FALSE,FALSE,FALSE,1000000,2,,,,77,0,0,0,0,0,0,0,0,0,0,470,6.103896104
3/12/1997,1/0/1900,1/0/1900,1/0/1900,55,FALSE,1,FALSE,FALSE,FALSE,1000000,4,ch bs bm,,several small bucks still had their antlers,78,0,0,0,0,0,0,0,1,0,0,470,6.025641026
8/9/2002,1/0/1900,1/0/1900,1/0/1900,83,FALSE,2,FALSE,FALSE,FALSE,1000000,4,"Smith, Lupardus, Bostrom",Calm,,79,0,0,0,0,0,0,0,0,0,0,470,5.949367089
2/13/1998,1/0/1900,1/0/1900,1/0/1900,35,FALSE,3,FALSE,FALSE,FALSE,1000000,2,bs dn,,all areas surveyed- saw a few bucks with antlers,80,0,0,0,0,0,0,0,3,1,0,470,5.875
8/25/1998,1/0/1900,,1/0/1900,75,FALSE,1,FALSE,FALSE,FALSE,1000000,3,es gb lm rv,,Section 3 has tall grass- section 4 very foggy,80,0,0,0,0,0,0,0,0,0,0,470,5.875
9/28/1998,1/0/1900,1/0/1900,1/0/1900,70,TRUE,2,FALSE,FALSE,FALSE,1000000,1,ts rv es,,wind and lightning spooking deer,81,0,0,0,0,0,0,0,0,0,0,470,5.802469136
10/2/1997,1/0/1900,1/0/1900,1/0/1900,65,FALSE,1,FALSE,FALSE,FALSE,1000000,4,bs kd,,unable to survey section 4a due to fog,71,0,0,0,0,0,0,2,0,0,0,408,5.746478873
6/14/1996,1/0/1900,1/0/1900,1/0/1900,72,FALSE,2,FALSE,FALSE,TRUE,1000000,4,bm jd,,,83,5,0,0,0,0,0,0,0,0,0,470,5.662650602
12/11/1997,1/0/1900,1/0/1900,1/0/1900,35,FALSE,3,TRUE,FALSE,FALSE,0,2,dm bm jm bs,,,83,0,0,0,0,0,0,0,0,0,0,470,5.662650602
8/22/2002,1/0/1900,1/0/1900,1/0/1900,70,FALSE,2,FALSE,FALSE,FALSE,1000000,2,,,,83,0,0,2,0,0,0,0,0,1,0,470,5.662650602
12/7/1999,1/0/1900,1/0/1900,1/0/1900,40,FALSE,2,FALSE,FALSE,FALSE,1000000,4,bsjgdm,,,85,0,0,0,0,0,3,0,1,0,0,470,5.529411765
7/5/1997,1/0/1900,1/0/1900,1/0/1900,70,FALSE,2,FALSE,FALSE,FALSE,1000000,4,bm,,,87,0,0,0,0,0,0,0,0,0,0,470,5.402298851
10/11/1994,1/0/1900,1/0/1900,1/0/1900,50,TRUE,1,FALSE,FALSE,FALSE,1000000,1,bs mk kd,,the 4b section from Mill Creek crossing toward Henry Whitecabin (3.5 ha) was excluded due to road closure,88,0,0,0,0,0,0,0,0,0,0,470,5.340909091
8/18/1999,1/0/1900,1/0/1900,1/0/1900,70,FALSE,1,FALSE,FALSE,FALSE,1000000,1,bfjbapbsns,tall grass,barn owl seen,88,0,0,1,0,0,0,0,0,0,0,470,5.340909091
11/1/2000,1/0/1900,,1/0/1900,55,FALSE,0,FALSE,FALSE,FALSE,1000000,3,"hester, compton, hampton",,,90,2,0,0,0,0,0,0,0,0,0,470,5.222222222
4/14/2003,1/0/1900,1/0/1900,1/0/1900,60,FALSE,1,FALSE,FALSE,FALSE,1000000,2,BSCH + MC Bio Class,,,90,0,0,0,0,0,0,0,0,0,0,470,5.222222222
6/30/1997,1/0/1900,1/0/1900,1/0/1900,75,FALSE,3,FALSE,FALSE,FALSE,1000000,3,bs ch bm,,observed only one fawn,91,0,0,0,1,0,0,0,1,0,0,470,5.164835165
9/13/1993,1/0/1900,1/0/1900,1/0/1900,72,TRUE,1,FALSE,FALSE,FALSE,1000000,4,kd ch,,strong gusty winds,93,0,0,0,0,1,0,0,0,0,0,470,5.053763441
3/4/1998,1/0/1900,1/0/1900,1/0/1900,35,FALSE,3,FALSE,TRUE,FALSE,1000000,1,jh ch bs cm dn bs,,no antlered deer observed,94,1,0,1,0,0,0,1,3,0,0,470,5
6/9/1999,1/0/1900,1/0/1900,1/0/1900,71,FALSE,2,FALSE,FALSE,FALSE,1000000,3,"jd,vh,sd,lf",,grass relatively tall,94,0,3,0,0,0,0,0,0,0,0,470,5
1/19/2000,1/0/1900,1/0/1900,1/0/1900,36,TRUE,0,TRUE,TRUE,FALSE,1000000,3,"ch, jg, Lemoine",,all areas surveyed,94,0,0,0,0,0,0,0,0,0,0,470,5
6/21/2001,1/0/1900,1/0/1900,1/0/1900,77,FALSE,1,FALSE,FALSE,FALSE,1000000,4,"BS,JY,RD,Rob Younger's schoolgroup(16)",,All areas surveyed,94,0,0,0,0,0,0,0,0,0,0,470,5
6/8/2000,1/0/1900,1/0/1900,1/0/1900,57,FALSE,1,FALSE,FALSE,FALSE,1000000,1,"rob, jeff, carol, blake",,"all areas surveyed, fox observed",95,0,0,1,0,0,0,0,0,0,0,470,4.947368421
10/2/1995,1/0/1900,1/0/1900,1/0/1900,59,TRUE,2,FALSE,FALSE,TRUE,1000000,1,seymour,,unable to complete sections 4 & 5 due to foggy conditions,64,0,0,0,0,0,0,0,0,0,0,316,4.9375
6/22/1995,1/0/1900,,1/0/1900,79,FALSE,2,FALSE,FALSE,FALSE,1000000,3,ch sanders shubert,,hay needs to be cut earlier,96,6,0,0,0,1,0,0,0,0,0,470,4.895833333
6/8/1998,1/0/1900,1/0/1900,1/0/1900,65,FALSE,3,FALSE,FALSE,FALSE,1000000,2,tp bs,,,97,0,0,0,0,0,0,0,0,0,0,470,4.845360825
7/7/2000,1/0/1900,1/0/1900,1/0/1900,65,FALSE,1,FALSE,FALSE,FALSE,1000000,3,"ch, tb, jq",,,97,0,0,0,0,0,0,0,0,1,0,470,4.845360825
4/2/1998,1/0/1900,1/0/1900,1/0/1900,68,FALSE,1,FALSE,FALSE,FALSE,1000000,1,bs dn cm cb,,"clear night, not as many deer in regular area",98,0,0,0,0,0,0,1,1,0,0,470,4.795918367
6/18/1998,1/0/1900,1/0/1900,1/0/1900,78,FALSE,1,FALSE,FALSE,FALSE,1000000,3,ch tp,,,98,0,0,0,0,0,0,0,0,1,0,470,4.795918367
9/14/2000,1/0/1900,,1/0/1900,70,FALSE,1,FALSE,FALSE,FALSE,1000000,2,"lc,kb,bc, Rich, Cam, Robin",,tall grass,98,0,0,2,0,0,0,0,0,0,0,470,4.795918367
12/27/1996,1/0/1900,1/0/1900,1/0/1900,45,FALSE,3,FALSE,FALSE,FALSE,1000000,2,bs ch dr cb,,surveyed all areas- most deer were laying down- some in the woods,99,0,0,0,4,0,0,0,2,0,0,470,4.747474747
7/26/2001,1/0/1900,1/0/1900,1/0/1900,70,FALSE,3,TRUE,FALSE,TRUE,1000000,1,"stiver, yarkovich & 4 others",light rain in areas 2&3,light fog,100,0,0,0,0,0,0,0,0,0,0,470,4.7
6/2/2002,1/0/1900,1/0/1900,1/0/1900,75,FALSE,2,FALSE,FALSE,FALSE,1000000,3,,,"1 hog on Hyatt
1 bobcat in #4",100,0,0,1,0,1,1,0,0,0,1,470,4.7
6/10/2003,1/0/1900,1/0/1900,1/0/1900,75,TRUE,3,FALSE,FALSE,FALSE,1000000,3,ADHMJLAH,,,100,0,0,0,0,0,0,0,0,0,0,470,4.7
3/26/1998,1/0/1900,1/0/1900,1/0/1900,63,FALSE,1,FALSE,FALSE,FALSE,1000000,4,bs jh cm dn,,not many deer found in areas burned earlier in the day- yet found in other areas,103,0,0,1,0,0,0,0,1,0,0,470,4.563106796
1/25/1993,1/0/1900,1/0/1900,1/0/1900,36,FALSE,1,FALSE,FALSE,FALSE,400000,4,dm ao,,presence of red wolves may affect deer activity in the fields,104,0,0,0,0,0,0,5,2,1,0,470,4.519230769
1/30/1998,1/0/1900,1/0/1900,1/0/1900,35,FALSE,1,FALSE,FALSE,FALSE,1000000,4,bs cm zs jm,,,104,1,0,4,0,0,0,1,1,1,0,470,4.519230769
8/17/1993,1/0/1900,1/0/1900,1/0/1900,75,FALSE,2,FALSE,FALSE,FALSE,1000000,0,ct lt,,fog prevented survey in area 3-5,105,0,0,0,0,0,0,0,0,0,0,470,4.476190476
8/14/1997,1/0/1900,1/0/1900,1/0/1900,80,FALSE,1,FALSE,FALSE,FALSE,1000000,4,rv jp jl,,,105,0,0,0,0,0,0,3,0,2,0,470,4.476190476
11/5/1997,1/0/1900,1/0/1900,1/0/1900,37,FALSE,1,FALSE,FALSE,TRUE,0,1,jp sp rv,,,105,0,0,0,0,1,0,0,0,0,0,470,4.476190476
4/8/1994,1/0/1900,1/0/1900,1/0/1900,45,TRUE,1,FALSE,FALSE,FALSE,1000000,4,kd db td,,,106,3,0,0,0,0,0,0,0,3,0,470,4.433962264
7/2/2001,1/0/1900,1/0/1900,1/0/1900,70,FALSE,3,FALSE,FALSE,FALSE,1000000,2,"mccann, yarkovich x 3",,,106,0,0,0,0,0,0,0,0,0,0,470,4.433962264
4/2/2001,1/0/1900,,1/0/1900,51,FALSE,2,FALSE,FALSE,FALSE,1000000,1,br ew rv bm,,,107,0,0,0,0,0,0,0,1,0,0,470,4.392523364
5/5/1997,1/0/1900,1/0/1900,1/0/1900,50,FALSE,2,FALSE,FALSE,FALSE,1000000,1,ch rv bm,,,110,0,0,0,0,0,0,2,1,0,0,470,4.272727273
5/2/2001,1/0/1900,1/0/1900,1/0/1900,60,FALSE,3,FALSE,FALSE,TRUE,1000000,1,bs dm ej,rained earlier in the evening,,111,1,0,0,0,0,0,0,0,0,0,470,4.234234234
9/12/1995,1/0/1900,1/0/1900,1/0/1900,70,TRUE,2,FALSE,FALSE,FALSE,1000000,2,kd md seymour,,,112,0,1,0,0,0,0,0,0,0,0,470,4.196428571
5/6/1998,1/0/1900,,1/0/1900,70,FALSE,0,TRUE,FALSE,TRUE,0,1,rv sg jh,,,112,0,0,1,0,0,0,0,0,0,0,470,4.196428571
2/13/1996,1/0/1900,,1/0/1900,55,TRUE,3,FALSE,FALSE,FALSE,1000000,3,bs ss jr pd js,patchy small areas of snow still on the ground,,114,3,0,0,1,0,0,0,0,0,0,470,4.122807018
3/19/1998,1/0/1900,1/0/1900,1/0/1900,59,FALSE,1,FALSE,FALSE,FALSE,1000000,3,cm jh bs dn,,,114,0,0,0,0,0,0,1,1,0,0,470,4.122807018
9/22/1997,1/0/1900,1/0/1900,1/0/1900,65,FALSE,3,FALSE,FALSE,FALSE,0,3,bs dr hp,,many deer were laying down,115,0,0,0,0,0,0,2,0,0,0,470,4.086956522
4/14/1999,1/0/1900,1/0/1900,1/0/1900,55,TRUE,3,FALSE,FALSE,FALSE,1000000,4,bm chip jon s,,,116,0,0,1,0,0,0,0,0,0,0,470,4.051724138
7/19/2000,1/0/1900,1/0/1900,1/0/1900,77,FALSE,2,FALSE,FALSE,FALSE,1000000,3,"Teen Science Camp, Paul Super",calm,Delete Record:Tremont Data,116,0,0,0,0,0,0,0,0,0,0,470,4.051724138
7/25/2000,1/0/1900,,1/0/1900,75,FALSE,1,FALSE,FALSE,FALSE,1000000,0,Experience Your Smokies- RE Group,calm,,116,0,1,0,1,0,0,0,0,0,0,470,4.051724138
10/14/2003,1/0/1900,,1/0/1900,56,TRUE,3,FALSE,FALSE,FALSE,1000000,2,CH + Sevier Co Exp Smokies,,,118,1,0,7,0,0,0,0,0,0,0,470,3.983050847
11/4/1999,1/0/1900,,1/0/1900,43,FALSE,1,FALSE,FALSE,FALSE,1000000,3,jcdrdfkd,,deer were mostly bedded,120,8,2,1,2,0,0,0,1,1,0,470,3.916666667
2/8/2001,1/0/1900,,1/0/1900,55,FALSE,0,FALSE,FALSE,FALSE,1000000,2,rv ew bm,calm,Wood cock in area3,120,1,0,0,0,0,0,0,1,0,0,470,3.916666667
8/29/1997,1/0/1900,1/0/1900,1/0/1900,70,FALSE,1,FALSE,FALSE,FALSE,1000000,4,ch,,,121,0,0,0,0,0,0,2,0,0,0,470,3.884297521
4/30/1999,1/0/1900,1/0/1900,1/0/1900,55,FALSE,1,FALSE,FALSE,FALSE,0,2,bs bm rf rw,,,121,0,0,0,0,0,0,0,0,0,0,470,3.884297521
8/27/1996,1/0/1900,1/0/1900,1/0/1900,65,FALSE,1,FALSE,FALSE,TRUE,1000000,2,kd rv,,could only survey 2/3 of sec 5 due to fog - bucks were seen together in groups of 6 or more,105,0,0,0,0,0,0,0,0,0,0,403,3.838095238
11/9/1995,1/0/1900,1/0/1900,1/0/1900,35,FALSE,1,FALSE,FALSE,FALSE,1000000,2,bs fv le ge,,grass was tall in many fields- buck didn't seem to be in rut,123,0,0,1,0,1,0,1,0,0,0,470,3.821138211
3/14/1995,1/0/1900,1/0/1900,1/0/1900,55,FALSE,1,FALSE,FALSE,FALSE,1000000,1,bs sg fr,,,127,6,0,0,0,0,0,0,0,0,0,470,3.700787402
12/17/1997,1/0/1900,1/0/1900,1/0/1900,45,FALSE,1,FALSE,FALSE,FALSE,1000000,2,bs jh hp jp,,,127,1,0,1,0,0,0,1,3,1,0,470,3.700787402
5/18/2000,1/0/1900,1/0/1900,1/0/1900,70,TRUE,1,FALSE,FALSE,FALSE,1000000,2,"rk,jq, tb, bs",,,127,0,0,1,0,0,0,0,0,0,0,470,3.700787402
7/21/1997,1/0/1900,1/0/1900,1/0/1900,73,FALSE,2,FALSE,FALSE,FALSE,1000000,2,ch,,,128,0,1,0,0,0,0,0,1,0,0,470,3.671875
7/27/1996,1/0/1900,,,74,FALSE,2,FALSE,FALSE,FALSE,1000000,1,ch bm lh rm lm,,,129,0,0,1,0,0,0,0,0,0,0,470,3.643410853
7/12/1995,1/0/1900,1/0/1900,,81,FALSE,1,FALSE,FALSE,FALSE,1000000,2,bs fs,,one red wolf was observed crossing road at Cades Cove picnic area,130,2,0,0,0,1,0,0,0,0,0,470,3.615384615
6/23/1993,1/0/1900,1/0/1900,1/0/1900,65,FALSE,3,FALSE,FALSE,FALSE,1000000,1,kd t,,hay still standing- deer not easy to see,133,6,0,0,0,2,0,1,0,0,0,470,3.533834586
10/25/1993,1/0/1900,,1/0/1900,50,FALSE,2,FALSE,FALSE,FALSE,1000000,1,kd s,,,133,0,0,0,0,3,0,0,0,0,0,470,3.533834586
5/29/1994,1/0/1900,1/0/1900,1/0/1900,60,TRUE,1,FALSE,FALSE,FALSE,1000000,3,kd tw bs,,Sparks lane not surveyed due to road repair- hard to see deer- hay not mowed,133,1,0,1,0,0,0,0,0,0,0,470,3.533834586
4/21/2003,1/0/1900,1/0/1900,1/0/1900,64,FALSE,2,FALSE,FALSE,FALSE,1000000,3,CH+ 2 people,,,134,1,0,0,0,0,0,0,0,0,0,470,3.507462687
2/23/1995,1/0/1900,1/0/1900,1/0/1900,55,TRUE,3,TRUE,FALSE,FALSE,0,0,kd seymour,,rain began in sections 4 & 5,138,0,0,0,0,0,1,0,0,1,0,470,3.405797101
2/11/2000,1/0/1900,,1/0/1900,52,FALSE,1,FALSE,FALSE,FALSE,1000000,1,"josh, blake, bob and christy nelins",calm,all areas surveyed; screech owl observed,139,0,0,0,0,0,0,0,0,1,0,470,3.381294964
7/21/1994,1/0/1900,1/0/1900,,71.5,FALSE,2,FALSE,FALSE,FALSE,1000000,2,ch m,,,140,0,0,0,0,0,0,0,0,0,0,470,3.357142857
4/25/1996,1/0/1900,1/0/1900,1/0/1900,75,TRUE,2,FALSE,FALSE,FALSE,1000000,1,bs americorps,,very strong winds,140,2,0,0,0,0,0,0,0,0,0,470,3.357142857
3/2/2001,1/0/1900,1/0/1900,,55,FALSE,3,TRUE,FALSE,FALSE,1000000,1,br ew ch,,,141,1,0,0,0,0,0,0,0,0,0,470,3.333333333
5/12/1999,1/0/1900,1/0/1900,1/0/1900,75,FALSE,2,FALSE,FALSE,FALSE,1000000,4,bs bm jd hp dr,,,142,1,0,0,0,0,0,0,0,0,0,470,3.309859155
12/18/1997,1/0/1900,1/0/1900,1/0/1900,48,FALSE,0,FALSE,FALSE,FALSE,1000000,3,kd jt,,,145,0,0,0,0,0,0,0,3,0,0,470,3.24137931
5/10/1995,1/0/1900,,1/0/1900,65,TRUE,2,FALSE,FALSE,FALSE,1000000,2,bs mm,,south end of Sparks lane (Abrams creek-south) due to storm activity; forge creek not monitored,134,2,0,0,0,0,0,0,0,0,0,426,3.179104478
5/5/1995,1/0/1900,,1/0/1900,65,FALSE,2,FALSE,FALSE,FALSE,1000000,1,bs dr so,,forge creek section not monitored,153,2,2,1,0,0,0,0,0,1,0,470,3.071895425
5/2/1996,1/0/1900,1/0/1900,,45,FALSE,1,FALSE,FALSE,FALSE,1000000,2,kd an americorp,,,156,0,0,0,0,0,0,2,0,0,0,470,3.012820513
8/3/1994,1/0/1900,,1/0/1900,71.5,FALSE,2,FALSE,FALSE,FALSE,1000000,0,g c w,,,160,1,0,0,0,1,0,0,1,2,0,470,2.9375
8/17/1996,1/0/1900,,1/0/1900,65,FALSE,3,TRUE,FALSE,TRUE,1000000,4,ch rm lh ef tf,,fog moved in on the backside (sections 4& 5),110,1,0,0,0,0,0,0,0,0,0,321,2.918181818
10/7/1999,1/0/1900,1/0/1900,1/0/1900,60,TRUE,1,FALSE,FALSE,FALSE,1000000,3,kddfjg,,50-60% were males,163,0,0,0,0,0,0,0,3,0,0,470,2.883435583
4/6/2000,1/0/1900,1/0/1900,1/0/1900,50,TRUE,1,FALSE,FALSE,FALSE,1000000,2,"Melissa, Michelle, Josh, Jason, Sean, Heather, BLK",clear,all areas surveyed,165,0,0,0,0,0,0,0,0,1,0,470,2.848484848
4/19/2000,1/0/1900,,1/0/1900,60,FALSE,1,FALSE,FALSE,FALSE,1000000,3,"ch, jn,bm, holmes",calm,,170,0,0,0,0,0,0,0,0,1,0,470,2.764705882
8/11/1995,1/0/1900,,,80,FALSE,2,FALSE,FALSE,FALSE,1000000,2,ch lh corey steve,,fog moved in about 10:00,175,6,0,0,0,0,0,0,0,0,0,470,2.685714286
8/25/1995,1/0/1900,1/0/1900,1/0/1900,82,FALSE,2,FALSE,FALSE,FALSE,1000000,4,tw traci cory jack,,,177,0,0,0,0,0,0,0,0,0,0,470,2.655367232
4/18/1996,1/0/1900,,1/0/1900,50,TRUE,0,FALSE,FALSE,FALSE,1000000,4,kd ch seymore,,,178,1,0,0,0,0,0,0,0,0,0,470,2.640449438
7/3/1994,1/0/1900,1/0/1900,1/0/1900,80,FALSE,0,TRUE,FALSE,FALSE,1000000,3,glm rag clh,,"areas 2, 4a, 5c need to be mowed",179,1,0,0,0,0,0,0,0,0,0,470,2.625698324
4/26/1995,1/0/1900,1/0/1900,1/0/1900,53,FALSE,1,FALSE,FALSE,FALSE,1000000,0,kd md,,forge creek section not monitored,183,0,0,0,0,0,0,0,0,0,0,470,2.568306011
2/25/1998,1/0/1900,1/0/1900,1/0/1900,45,FALSE,1,FALSE,FALSE,FALSE,1000000,4,bs bs cm,,saw a few bucks with antlers- observed serious kangaroo fight between 2 bucks w/out antlers- fight lasted about 45 seconds,184,0,0,1,0,0,0,1,0,2,0,470,2.554347826
2/22/1993,1/0/1900,1/0/1900,1/0/1900,46,FALSE,1,FALSE,FALSE,FALSE,400000,4,ch m l,temperature dropping rapidly,end temp in the mid 30's,186,1,0,0,0,1,0,0,0,1,0,470,2.52688172
7/29/1993,1/0/1900,1/0/1900,1/0/1900,83,FALSE,1,FALSE,FALSE,FALSE,1000000,2,kd lt cb,,many bucks grouped together- no fawns observed at night- few observed during the day,196,0,0,0,0,0,0,0,0,0,0,470,2.397959184
3/29/1996,1/0/1900,,1/0/1900,60,FALSE,2,FALSE,FALSE,TRUE,1000000,1,tw pete,,,196,0,0,0,0,0,0,0,0,0,0,470,2.397959184
7/27/1995,1/0/1900,1/0/1900,1/0/1900,76,FALSE,2,FALSE,FALSE,FALSE,1000000,0,mm so cs,,,197,3,0,0,0,0,0,0,0,0,0,470,2.385786802
5/5/2000,1/0/1900,1/0/1900,1/0/1900,72,FALSE,2,FALSE,FALSE,FALSE,1000000,4,"joel, robert, blake",calm,barred owl observed,198,0,0,0,0,0,0,0,1,0,0,470,2.373737374
5/10/1994,1/0/1900,1/0/1900,1/0/1900,50,FALSE,1,FALSE,FALSE,FALSE,1000000,4,kd dm,,section 1b was not surveyed because of road repair,199,1,0,0,0,0,0,0,0,0,0,470,2.361809045
7/13/1993,1/0/1900,1/0/1900,1/0/1900,80,FALSE,2,FALSE,FALSE,FALSE,1000000,0,kd td gs,,some hay still standing- deer not easy to see- fawns are running with mothers,200,0,0,0,0,0,0,0,0,2,0,470,2.35
11/20/1997,1/0/1900,1/0/1900,1/0/1900,45,FALSE,2,FALSE,FALSE,FALSE,1000000,3,hp dm bm bs,,,201,1,0,0,0,0,0,0,3,0,0,470,2.338308458
4/26/1994,1/0/1900,1/0/1900,1/0/1900,75,FALSE,1,FALSE,FALSE,FALSE,1000000,2,rv,,,204,2,0,0,0,0,0,0,0,0,0,470,2.303921569
12/15/1993,1/0/1900,1/0/1900,,44,TRUE,3,FALSE,FALSE,FALSE,400000,3,bs dg,,,220,5,0,0,0,7,0,0,0,1,0,470,2.136363636
11/4/1993,1/0/1900,1/0/1900,,54,TRUE,0,TRUE,FALSE,FALSE,1000000,0,kd sh,,,222,6,0,0,1,1,0,0,0,0,0,470,2.117117117
3/29/1993,1/0/1900,1/0/1900,,64,FALSE,1,FALSE,FALSE,FALSE,1000000,1,Seymour class,,,236,5,0,0,0,6,0,0,1,2,0,470,1.991525424
5/11/1993,1/0/1900,1/0/1900,1/0/1900,65,FALSE,2,FALSE,FALSE,FALSE,1000000,0,c c,,,255,2,0,0,0,0,0,0,0,0,0,470,1.843137255
3/8/1993,1/0/1900,1/0/1900,1/0/1900,56.5,FALSE,3,FALSE,FALSE,FALSE,400000,2,kd seymour,,,278,8,0,0,0,6,0,0,1,4,0,470,1.690647482
7/13/2000,1/0/1900,1/0/1900,1/0/1900,72,FALSE,3,FALSE,FALSE,TRUE,1000000,2,Naturalist Week participants,calm,Delete Record:Tremont Data,61,0,0,0,0,0,0,0,0,0,0,,0
